65276		A History of Sculpture		Short, Ernest Henry		['en']		"https://www.gutenberg.org/files/65276/65276-h/65276-h.htm"		f		https://www.gutenberg.org/ebooks/65276		http:gutendex.com
65277		Die Pest zu London		Defoe, Daniel		['de']		"https://www.gutenberg.org/files/65277/65277-h.zip"		f		https://www.gutenberg.org/ebooks/65277		http:gutendex.com
65278		A Tract on Monetary Reform		Keynes, John Maynard		['en']		"https://www.gutenberg.org/files/65278/65278-h.zip"		f		https://www.gutenberg.org/ebooks/65278		http:gutendex.com
65279		Chambers's Journal of Popular Literature, Science, and Art, Fifth Series, No. 13, Vol. I, March 29, 1884		Various		['en']		"https://www.gutenberg.org/files/65279/65279-h/65279-h.htm"		f		https://www.gutenberg.org/ebooks/65279		http:gutendex.com
65280		Borgia, a Period Play		Field, Michael		['en']		"https://www.gutenberg.org/files/65280/65280-0.txt"		f		https://www.gutenberg.org/ebooks/65280		http:gutendex.com
65281		Aave		Pontoppidan, Henrik		['fi']		"https://www.gutenberg.org/files/65281/65281-0.txt"		f		https://www.gutenberg.org/ebooks/65281		http:gutendex.com
65282		Double Identity		Farrell, Henry		['en']		"https://www.gutenberg.org/files/65282/65282-0.zip"		f		https://www.gutenberg.org/ebooks/65282		http:gutendex.com
65283		The Friendly Killers		Tenneshaw, S. M.		['en']		"https://www.gutenberg.org/files/65283/65283-0.txt"		f		https://www.gutenberg.org/ebooks/65283		http:gutendex.com
65284		Massasoit's Town - Sowams in Pokanoket: Its History Legends and Traditions		Baker, Virginia		['en']		"https://www.gutenberg.org/files/65284/65284-h/65284-h.htm"		f		https://www.gutenberg.org/ebooks/65284		http:gutendex.com
65285		Music and Life: A study of the relations between ourselves and music		Surette, Thomas Whitney		['en']		"https://www.gutenberg.org/files/65285/65285-0.zip"		f		https://www.gutenberg.org/ebooks/65285		http:gutendex.com
65286		Prairie Farmer, Vol. 56: No. 5, February 2, 1884.: A Weekly Journal for the Farm, Orchard and Fireside		Various		['en']		"https://www.gutenberg.org/files/65286/65286-0.txt"		f		https://www.gutenberg.org/ebooks/65286		http:gutendex.com
65287		The Manufacture of Tomato Products: Including whole tomato pulp or puree, tomato catsup, chili sauce, tomato soup, trimming pulp		Hier, W. G.		['en']		"https://www.gutenberg.org/files/65287/65287-0.zip"		f		https://www.gutenberg.org/ebooks/65287		http:gutendex.com
65288		Greetings from Crater Lake National Park, Oregon: 7 Framing-Size Photo Reproductions in Natural COlor		Roberts, Mike		['en']		"https://www.gutenberg.org/files/65288/65288-h.zip"		f		https://www.gutenberg.org/ebooks/65288		http:gutendex.com
65289		Munchausen XX		Baron, The		['en']		"https://www.gutenberg.org/files/65289/65289-h/65289-h.htm"		f		https://www.gutenberg.org/ebooks/65289		http:gutendex.com
65290		Among the Lindens		Raymond, Evelyn		['en']		"https://www.gutenberg.org/files/65290/65290-0.txt"		f		https://www.gutenberg.org/ebooks/65290		http:gutendex.com
65291		The Pinafore Picture Book: the Story of H.M.S. Pinafore		Gilbert, W. S. (William Schwenck)		['en']		"https://www.gutenberg.org/files/65291/65291-h/65291-h.htm"		f		https://www.gutenberg.org/ebooks/65291		http:gutendex.com
65292		Teräshermoinen mies: Seikkailukertomus Villistä Lännestä		Lange, Kurt		['fi']		"https://www.gutenberg.org/files/65292/65292-0.txt"		f		https://www.gutenberg.org/ebooks/65292		http:gutendex.com
65293		Owen's Moral Physiology: or, A Brief and Plain Treatise on the Population Question		Owen, Ralph Dale		['en']		"https://www.gutenberg.org/files/65293/65293-0.txt"		f		https://www.gutenberg.org/ebooks/65293		http:gutendex.com
65294		The Phantom Regiment: or, Stories of 'Ours'		Grant, James		['en']		"https://www.gutenberg.org/files/65294/65294-0.txt"		f		https://www.gutenberg.org/ebooks/65294		http:gutendex.com
65295		Scatalogic Rites of All Nations: A dissertation upon the employment of excrementitious remedial agents in religion, therapeutics, divination, witchcraft, love-philters, etc., in all parts of the globe		Bourke, John Gregory		['en']		"https://www.gutenberg.org/files/65295/65295-h/65295-h.htm"		f		https://www.gutenberg.org/ebooks/65295		http:gutendex.com
65296		Why We Love Lincoln		Creelman, James		['en']		"https://www.gutenberg.org/files/65296/65296-0.zip"		f		https://www.gutenberg.org/ebooks/65296		http:gutendex.com
65297		L'innesto: Commedia in tre atti		Pirandello, Luigi		['it']		"https://www.gutenberg.org/files/65297/65297-0.txt"		f		https://www.gutenberg.org/ebooks/65297		http:gutendex.com
65298		The Gift		Sturgis, Melvin		['en']		"https://www.gutenberg.org/files/65298/65298-0.zip"		f		https://www.gutenberg.org/ebooks/65298		http:gutendex.com
65299		Kalevan uhri: Näytelmä 4:ssä näytöksessä		Eerola, Eero		['en']		"https://www.gutenberg.org/files/65299/65299-0.zip"		f		https://www.gutenberg.org/ebooks/65299		http:gutendex.com
65300		De Hogerveldt's: Oorsponkelijk Tooneelspel in 3 Bedrijven		Daum, Paulus Adrianus		['nl']		"https://www.gutenberg.org/files/65300/65300-0.zip"		f		https://www.gutenberg.org/ebooks/65300		http:gutendex.com
65301		Histoire des rats, pour servir à l'histoire universelle		Sigrais, Claude Guillaume Bourdon de		['fr']		"https://www.gutenberg.org/files/65301/65301-0.zip"		f		https://www.gutenberg.org/ebooks/65301		http:gutendex.com
65302		Mozart's Youth: Life Stories for Young People		Hoffmann, Franz		['en']		"https://www.gutenberg.org/files/65302/65302-h/65302-h.htm"		f		https://www.gutenberg.org/ebooks/65302		http:gutendex.com
65303		Recipes: Hershey's Baking Chocolate		Anonymous		['en']		"https://www.gutenberg.org/files/65303/65303-h/65303-h.htm"		f		https://www.gutenberg.org/ebooks/65303		http:gutendex.com
65304		The Road		Belloc, Hilaire		['en']		"https://www.gutenberg.org/files/65304/65304-h.zip"		f		https://www.gutenberg.org/ebooks/65304		http:gutendex.com
65305		Christmas Magic: Using 'Scotch' Brand Tapes and 'Sasheen' Brand Ribbon		Anonymous		['en']		"https://www.gutenberg.org/files/65305/65305-0.txt"		f		https://www.gutenberg.org/ebooks/65305		http:gutendex.com
65306		History For Ready Reference, Volume 1 (of 6)		Larned, Josephus Nelson		['en']		"https://www.gutenberg.org/files/65306/65306-h.zip"		f		https://www.gutenberg.org/ebooks/65306		http:gutendex.com
65307		The Romance of Modern Geology: Describing in simple but exact language the making of the earth with some account of prehistoric animal life		Grew, E. S.		['en']		"https://www.gutenberg.org/files/65307/65307-0.txt"		f		https://www.gutenberg.org/ebooks/65307		http:gutendex.com
65308		Billy Mink		Burgess, Thornton W. (Thornton Waldo)		['en']		"https://www.gutenberg.org/files/65308/65308-h.zip"		f		https://www.gutenberg.org/ebooks/65308		http:gutendex.com
65309		Colin II: A Novel		Benson, E. F. (Edward Frederic)		['en']		"https://www.gutenberg.org/files/65309/65309-h/65309-h.htm"		f		https://www.gutenberg.org/ebooks/65309		http:gutendex.com
65310		The Crystal Cup		Atherton, Gertrude Franklin Horn		['en']		"https://www.gutenberg.org/files/65310/65310-0.zip"		f		https://www.gutenberg.org/ebooks/65310		http:gutendex.com
65311		The Chaste Diana		Beck, L. Adams (Lily Adams)		['en']		"https://www.gutenberg.org/files/65311/65311-0.txt"		f		https://www.gutenberg.org/ebooks/65311		http:gutendex.com
65312		The Divine Lady: A Romance between Nelson and Emma Hamilton		Beck, L. Adams (Lily Adams)		['en']		"https://www.gutenberg.org/files/65312/65312-0.txt"		f		https://www.gutenberg.org/ebooks/65312		http:gutendex.com
65313		The Sublime Jester		Brudno, Ezra		['en']		"https://www.gutenberg.org/files/65313/65313-0.zip"		f		https://www.gutenberg.org/ebooks/65313		http:gutendex.com
65314		Little Joe Otter		Burgess, Thornton W. (Thornton Waldo)		['en']		"https://www.gutenberg.org/files/65314/65314-h/65314-h.htm"		f		https://www.gutenberg.org/ebooks/65314		http:gutendex.com
65315		Turner's Water-Colours at Farnley Hall		Finberg, A. J. (Alexander Joseph)		['en']		"https://www.gutenberg.org/files/65315/65315-0.txt"		f		https://www.gutenberg.org/ebooks/65315		http:gutendex.com
65316		Head-Gear, Antique and Modern		\N		['en']		"https://www.gutenberg.org/files/65316/65316-0.txt"		f		https://www.gutenberg.org/ebooks/65316		http:gutendex.com
65317		Lives of the most eminent literary and scientific men of France, Vol. 1 (of 2)		Shelley, Mary Wollstonecraft		['en']		"https://www.gutenberg.org/files/65317/65317-h/65317-h.htm"		f		https://www.gutenberg.org/ebooks/65317		http:gutendex.com
65318		A Modern Hercules: The Tale of a Sculptress		Winstock, Melvin G.		['en']		"https://www.gutenberg.org/files/65318/65318-h/65318-h.htm"		f		https://www.gutenberg.org/ebooks/65318		http:gutendex.com
65319		Golf Architecture: Economy in Course Construction and Green-Keeping		Mackenzie, Donald A. (Donald Alexander)		['en']		"https://www.gutenberg.org/ebooks/65319.epub.images"		f		https://www.gutenberg.org/ebooks/65319		http:gutendex.com
65320		Kibun Daizin: From Shark-Boy to Merchant Prince		Murai, Gensai		['en']		"https://www.gutenberg.org/files/65320/65320-0.zip"		f		https://www.gutenberg.org/ebooks/65320		http:gutendex.com
65321		A Pictorial Guide to Mesa Verde National Park		Hall, Ansel F. (Ansel Franklin)		['en']		"https://www.gutenberg.org/files/65321/65321-h/65321-h.htm"		f		https://www.gutenberg.org/ebooks/65321		http:gutendex.com
65322		How to Get Rich		Anonymous		['en']		"https://www.gutenberg.org/files/65322/65322-0.txt"		f		https://www.gutenberg.org/ebooks/65322		http:gutendex.com
65323		The Aldine Readers: A First Reader		Bryce, Catherine T.		['en']		"https://www.gutenberg.org/files/65323/65323-0.zip"		f		https://www.gutenberg.org/ebooks/65323		http:gutendex.com
65324		The Old Way		Marlowe, Stephen		['en']		"https://www.gutenberg.org/files/65324/65324-0.txt"		f		https://www.gutenberg.org/ebooks/65324		http:gutendex.com
65325		They Reached for the Moon		Oberfield, William		['en']		"https://www.gutenberg.org/files/65325/65325-0.zip"		f		https://www.gutenberg.org/ebooks/65325		http:gutendex.com
